City,Country Code,Lat [deg],Long [deg],Temperature [F],Humidity [%],Cloudiness [%],Wind Speed [mph]
bluff,nz,-46.6,168.33,294.26,54,23,1.34
port alfred,za,-33.59,26.89,292.04,97,1,1.34
ushuaia,ar,-54.8,-68.3,281.15,93,68,2.3
bredasdorp,za,-34.53,20.04,287.15,82,8,1
punta arenas,cl,-53.15,-70.92,282.1,70,57,7.2
hobart,au,-42.88,147.33,286.61,47,75,6.2
albany,au,42.6,-73.97,276.58,64,90,8.7
mataura,pf,-46.19,168.86,294.26,54,0,1.34
cape town,za,-33.93,18.42,288.83,93,90,2.6
vaini,to,-21.2,-175.2,300.15,83,75,6.7
new norfolk,au,-42.78,147.06,286.47,47,75,6.2
rikitea,pf,-23.12,-134.97,298.21,74,24,5.52
hermanus,za,-34.42,19.23,288.71,94,0,0.45
port elizabeth,za,-33.92,25.57,291.15,100,90,5.7
busselton,au,-33.65,115.33,297.52,32,100,1.59
kaitangata,nz,-46.28,169.85,285.92,84,0,3.91
east london,za,-33.02,27.91,295.39,86,8,7.12
saint-philippe,re,-21.36,55.77,296.82,94,75,7.7
mar del plata,ar,-38,-57.56,295.64,78,0,5.1
avarua,ck,-21.21,-159.78,303.15,70,8,1.5
kruisfontein,za,-34,24.73,290.49,94,4,2.36
cidreira,br,-30.18,-50.21,297.24,89,0,6.99
castro,cl,-24.79,-50.01,289.04,76,97,1.74
tuatapere,nz,-46.13,167.68,294.26,54,68,1.34
souillac,mu,-20.52,57.52,296.76,100,75,3.45
portland,au,45.52,-122.68,276.68,80,90,1.5
port lincoln,au,-34.73,135.87,289.99,62,62,7.59
mount gambier,au,-37.83,140.77,290.15,48,90,8.2
rawson,ar,-43.3,-65.1,290.37,59,67,13.26
mahebourg,mu,-20.41,57.7,296.76,100,75,3.45
arraial do cabo,br,-22.97,-42.03,298.33,86,0,5.19
jamestown,sh,42.1,-79.24,276,55,1,3.6
coihaique,cl,-45.58,-72.07,283.15,66,40,2.59
dunedin,nz,-45.87,170.5,290.93,63,0,3.58
comodoro rivadavia,ar,-45.87,-67.5,291.15,59,40,8.2
southbridge,nz,42.08,-72.03,279.97,52,1,8.7
esperance,au,-33.87,121.9,292.15,88,75,6.2
burnie,au,-41.07,145.92,289.26,43,16,1.79
waipawa,nz,-41.41,175.52,292.71,49,0,6.2
te anau,nz,-45.42,167.72,288.45,62,100,2.23
saldanha,za,-33.01,17.94,290.15,88,51,1
launceston,au,-41.45,147.17,288.71,41,90,3.6
ancud,cl,-41.87,-73.82,282.15,100,6,2.1
margate,za,51.38,1.39,280.11,87,100,5.7
batemans bay,au,-35.72,150.18,288.54,55,100,4.02
chuy,uy,-33.7,-53.46,294.71,82,0,5.25
waiouru,nz,-39.48,175.67,294.94,32,0,2.25
hokitika,nz,-42.72,170.97,289.81,74,0,4.02
tolaga bay,nz,-38.37,178.3,291.35,72,57,5.24
punta alta,ar,-38.88,-62.07,295.89,52,30,13.4
bahia blanca,ar,-38.72,-62.27,296.31,48,49,7.75
lebu,cl,-37.62,-73.65,282.92,94,0,1.78
richards bay,za,-28.78,32.04,298.2,84,67,7.39
dargaville,nz,-35.93,173.88,295.14,54,90,2.7
luderitz,na,-26.65,15.16,292.15,82,0,3.6
san rafael,ar,-34.62,-68.33,295.4,39,0,4.16
avera,pf,33.19,-82.53,293.48,88,90,2.25
bambous virieux,mu,-20.34,57.76,296.79,100,75,5.26
carmelo,uy,-33.99,-58.29,298.68,88,0,2.6
plettenberg bay,za,-34.05,23.37,291.41,92,4,1.87
port macquarie,au,-31.43,152.92,298.97,64,75,5.7
flinders,au,-34.58,150.86,285.94,82,90,3.1
ahipara,nz,-35.17,173.17,293.84,69,78,3.08
griffith,au,41.53,-87.42,278.5,45,1,3.1
valparaiso,cl,-33.04,-71.63,289.72,82,0,2.07
constitucion,cl,-35.33,-72.42,287.16,81,28,3.11
vredendal,za,-31.67,18.5,286.6,93,38,1.01
perth,au,-31.93,115.83,299.31,47,100,5.7
sawtell,au,-30.38,153.1,297.32,57,0,5.1
santana do livramento,br,-30.89,-55.53,298.62,40,0,3.13
port augusta,au,-32.5,137.77,293.18,39,90,7.2
de aar,za,-30.65,24.01,289.59,81,0,3.29
coquimbo,cl,-29.95,-71.34,289.15,87,50,1
alofi,nu,-19.06,-169.92,302.15,79,75,3.6
cordoba,ar,-31.41,-64.18,298.52,88,1,2.6
kaeo,nz,-35.1,173.78,294.82,68,0,3.13
geraldton,au,-28.77,114.6,303.15,45,90,9.3
carnarvon,au,-24.87,113.63,302.15,74,40,5.1
catamarca,ar,-28.47,-65.79,290.17,69,100,2
sobradinho,br,-12.83,-39.1,295.61,91,22,0.84
imbituba,br,-28.24,-48.67,298.15,61,20,2.6
inhambane,mz,-23.86,35.38,298.63,81,100,2.2
vrede,za,-27.43,29.17,284.42,77,88,0.86
lavumisa,sz,-27.31,31.89,293.83,97,77,1.32
yulara,au,-25.24,130.99,307.15,18,0,6.2
kuruman,za,-27.45,23.43,287.27,83,0,2.21
vallenar,cl,-28.57,-70.76,289.52,73,100,0.24
maputo,mz,-25.97,32.59,298.41,88,40,3.1
gold coast,au,-28,153.43,300.69,50,90,7.2
alice springs,au,-23.7,133.88,305.15,25,0,3.6
tucuman,ar,-26.82,-65.22,301.15,74,100,2.21
roma,au,43.21,-75.46,277.13,51,75,11.8
guaruja,br,-23.99,-46.26,295.69,83,90,3.1
vila velha,br,-20.33,-40.29,297.1,94,75,1.5
vao,nc,-22.67,167.48,299.03,89,100,5.05
iguape,br,-24.71,-47.56,292.9,99,6,0.83
werda,bw,-25.27,23.28,292.86,66,0,3.63
saint-joseph,re,-21.37,55.62,296.84,94,75,7.7
puerto ayora,ec,-0.74,-90.35,299.82,84,53,2.68
blackwater,au,-23.58,148.88,301.45,39,0,8.53
isangel,vu,-19.55,169.27,306.15,63,40,4.1
henties bay,na,-22.12,14.28,289.82,95,0,1.73
aranos,na,-24.13,19.12,293.95,19,6,3.08
walvis bay,na,-22.96,14.51,288.77,93,0,2.6
maxixe,mz,-23.86,35.35,298.63,81,100,2.2
guaratingueta,br,-22.82,-45.19,295.15,78,40,1.42
mount isa,au,-20.73,139.5,304.15,25,0,6.2
tadine,nc,-21.55,167.88,301.41,81,100,5.37
georgetown,sh,5.41,100.34,303.56,74,20,1
bauru,br,-22.31,-49.06,296.84,69,0,2.6
quatis,br,-22.41,-44.26,291.98,98,39,1.03
karratha,au,-20.74,116.85,301.58,70,35,3.2
chiredzi,zw,-21.05,31.67,292.26,88,1,0.91
beira,mz,-19.84,34.84,297.15,94,20,2.6
hithadhoo,mv,-0.6,73.08,301.84,58,20,3.26
letlhakane,bw,-21.42,25.58,293.66,68,0,3.04
fuerte olimpo,py,-21.04,-57.87,300.59,61,22,2.06
bengkulu,id,-3.8,102.27,304,59,100,1.34
yeppoon,au,-23.13,150.73,302.15,39,0,5.7
caravelas,br,-17.71,-39.25,299.99,77,99,2.96
pangai,to,-19.8,-174.35,298.15,94,90,5.7
poum,nc,-20.23,164.02,300.72,83,100,4.61
ayr,au,55.46,-4.63,276.87,86,75,3.1
morondava,mg,-20.28,44.28,295.73,60,0,2.78
ituiutaba,br,-18.97,-49.47,294.83,86,0,2.21
port hedland,au,-20.32,118.57,306.15,46,17,4.6
namibe,ao,-15.2,12.15,297.08,73,100,2.5
mineiros,br,-17.57,-52.55,292.87,94,0,2.09
belmonte,br,-15.86,-38.88,298.15,88,75,1
toamasina,mg,-18.17,49.38,297.15,94,75,8.2
mackay,au,-21.15,149.2,301.07,48,77,7.7
lakatoro,vu,-16.1,167.42,304.11,77,100,5.7
quatre cocos,mu,-20.21,57.76,296.84,100,75,6.04
guiratinga,br,-16.35,-53.76,295.31,94,0,1.39
broome,au,42.25,-75.83,275.93,44,20,6.7
faanui,pf,-16.48,-151.75,301.52,77,100,6.48
tiarei,pf,-17.53,-149.33,306.15,59,20,2.6
ilave,pe,-16.08,-69.67,281.29,80,100,3.48
ascension,bo,30.22,-90.9,294.54,83,1,3.1
piacabucu,br,-10.41,-36.43,298.86,76,36,2.83
pisco,pe,-13.7,-76.22,295.8,83,46,6.7
pontes e lacerda,br,-15.23,-59.34,297.16,88,91,0.94
hualmay,pe,-11.1,-77.61,295.08,80,68,1.38
petauke,zm,-14.24,31.33,291.86,97,100,1.16
samarai,pg,-10.62,150.67,304.03,59,100,3.21
mareeba,au,-17,145.43,303.93,46,40,4.1
sao felipe,br,-14.82,-41.38,292.1,97,100,1.77
trinidad,bo,-14.83,-64.9,300.52,70,62,1.3
atuona,pf,-9.8,-139.03,301.37,67,34,4.09
taga,ws,46.95,24.05,274.16,82,0,1.5
honiara,sb,-9.43,159.95,304.15,70,75,5.1
antsohihy,mg,-14.88,47.99,295.4,92,100,1.55
menongue,ao,-14.66,17.69,290.24,95,100,1.35
waingapu,id,-9.66,120.26,301.33,75,1,1.89
san vicente de canete,pe,-13.08,-76.38,295.7,88,2,1.66
asau,tv,46.43,26.4,278.31,87,75,2.6
sola,vu,-13.88,167.55,302.7,75,100,6.73
howard springs,au,-12.5,131.05,306.21,62,20,5.1
maragogi,br,-9.01,-35.22,300.88,72,100,4.39
nkhata bay,mw,-11.61,34.29,299.68,72,100,4.14
pangoa,pe,-12.12,-73,294.39,98,100,0.92
padang,id,-0.95,100.35,301.95,58,34,1.02
olinda,br,-8.01,-34.86,302.15,66,40,4.6
mwinilunga,zm,-11.74,24.43,291.21,98,100,1.69
grand gaube,mu,-20.01,57.66,296.92,100,75,5.11
alta floresta,br,-9.88,-56.09,295.87,97,100,3.1
luanda,ao,-8.84,13.23,300.15,88,20,3.6
mahanje,tz,-9.93,35.33,291.91,98,100,0.55
huari,pe,-9.33,-77.23,276.59,97,88,1.1
lufilufi,ws,-13.87,-171.6,301.07,78,33,6.06
conceicao do araguaia,br,-8.26,-49.26,297.15,100,95,1.5
gizo,sb,-8.1,156.84,302.19,73,43,6.66
victoria,sc,22.29,114.16,294.71,56,20,6.2
kawalu,id,-7.38,108.21,299.16,79,100,1.48
lata,sb,40.16,-8.33,283.55,93,40,0.5
aripuana,br,-9.17,-60.63,296.92,97,100,0.52
atambua,id,-9.11,124.89,300.78,69,50,2.91
san cristobal,ec,7.77,-72.22,300.15,69,75,1
araguaina,br,-7.19,-48.21,297.12,89,100,0.95
bima,id,-8.47,118.72,301.55,73,63,2.13
jacareacanga,br,-6.22,-57.75,296.92,94,95,0.42
mauriti,br,-7.39,-38.77,297.15,88,40,0.79
contamana,pe,-7.33,-75.02,299.52,69,0,0.83
kasongo-lunda,cd,-6.47,16.82,293.97,98,100,0.56
celendin,pe,-6.87,-78.15,286.08,85,100,0.63
pastos bons,br,-6.6,-44.08,295.2,96,100,1.2
cabedelo,br,-6.98,-34.83,299.15,88,100,1
labuhan,id,-6.88,112.21,302.93,69,94,1.72
tual,id,-5.67,132.75,301.79,75,46,5.81
pamanukan,id,-6.28,107.81,303.95,65,100,0.88
panguna,pg,-6.32,155.48,303.44,57,85,3.37
omboue,ga,-1.57,9.26,297.89,94,100,0.8
auki,sb,-8.77,160.7,302.31,79,84,7.89
extremoz,br,-5.71,-35.31,297.63,94,75,1.5
itupiranga,br,-5.13,-49.33,298.15,100,75,0.79
kongolo,cd,-5.38,27,293.13,98,100,1.17
madang,pg,-5.22,145.8,302.12,74,100,9.02
coari,br,-4.08,-63.14,297.95,90,72,0.35
naberera,tz,-4.2,36.93,291.3,96,93,0.6
majene,id,-3.54,118.97,299.3,87,100,2.93
lorengau,pg,-2.02,147.27,302.27,77,1,6.84
port-gentil,ga,-0.72,8.78,301.43,78,100,3.31
meulaboh,id,4.14,96.13,300.88,77,0,1.72
buala,sb,-8.14,159.59,301.89,75,100,5.92
salinas,ec,36.68,-121.66,285.23,76,90,7.7
kampene,cd,-3.6,26.67,292.58,99,100,0.95
barroquinha,br,-3.02,-41.14,295.49,97,100,0.37
macas,ec,-2.32,-78.12,291.11,97,83,1
kabare,cd,-2.47,28.82,288.86,97,99,0.3
palora,ec,-1.7,-77.93,292.37,97,100,1.7
axim,gh,4.87,-2.24,298.56,94,0,1.31
barcelos,br,41.54,-8.62,282.24,93,0,2.1
puerto leguizamo,co,-0.19,-74.78,296.64,94,100,0.64
luwuk,id,-0.95,122.79,302.13,66,100,0.68
sibolga,id,1.74,98.78,304.33,57,0,0.85
san patricio,mx,19.22,-104.7,299.15,83,20,1.36
harper,lr,4.38,-7.72,298.12,95,35,1.27
balaipungut,id,1.05,101.28,304.08,63,27,1.02
sri aman,my,1.24,111.46,301.06,78,75,1.5
touros,br,-5.2,-35.46,297.15,94,75,1.5
bonfim,br,3.08,-59.95,301.31,59,33,4.62
bairiki,ki,1.33,172.98,303.15,74,40,1.5
sorong,id,-0.88,131.25,301.23,85,100,1.82
biak,id,-0.91,122.88,302.13,66,100,0.68
wamba,cd,8.93,8.6,294.14,16,82,1.79
acapulco,mx,16.86,-99.89,301.15,74,40,2.1
muli,mv,2.92,73.57,301.29,77,26,3.61
cururupu,br,-1.83,-44.87,296.74,97,99,0.99
pizarro,co,4.95,-77.37,299.72,81,100,2.8
amapa,br,1,-52,296.69,93,85,2.34
butaritari,ki,3.07,172.79,301.98,71,100,4.58
itarema,br,-2.92,-39.92,296.46,98,100,1.54
yenagoa,ng,4.92,6.26,298.96,90,100,0.67
bumba,cd,2.18,22.47,295.12,92,100,1.76
kudahuvadhoo,mv,2.67,72.89,301.53,76,70,4.82
hilo,us,19.73,-155.09,294,78,90,5.1
kloulklubed,pw,7.04,134.26,303.15,66,75,5.7
mahibadhoo,mv,3.78,72.97,302.07,71,0,4.01
banda aceh,id,5.56,95.32,302.27,66,0,2.47
abong mbang,cm,3.98,13.18,296.32,72,37,0.69
jardim,br,-21.48,-56.14,298.38,72,0,2.37
tawau,my,4.25,117.89,303.97,66,20,1
mani,co,4.82,-72.29,303.27,47,100,2.43
bandarbeyla,so,9.49,50.81,299.09,80,85,7.53
lazaro cardenas,mx,17.96,-102.2,297.83,82,34,0.9
sao filipe,cv,14.9,-24.5,297.07,57,100,5.72
goderich,sl,43.75,-81.72,275,80,2,5.36
bouca,cf,6.51,18.27,292.76,16,69,0.81
champerico,gt,14.3,-91.92,299.1,72,20,1.95
ixtapa,mx,20.7,-105.2,298.15,83,5,3.1
bekwai,gh,6.45,-1.58,296.88,94,9,1.12
kanniyakumari,in,8.08,77.57,300.59,73,1,8.2
pochutla,mx,15.74,-96.47,300.23,74,40,4.1
bubaque,gw,11.28,-15.83,300.85,60,0,5.5
makakilo city,us,21.35,-158.09,296.38,88,90,2.6
cabo san lucas,mx,22.89,-109.91,294.71,60,75,3.6
parrita,cr,9.52,-84.32,295.15,68,20,6.2
port blair,in,11.67,92.75,297.15,88,40,1
mabuhay,ph,7.42,122.84,302.71,63,20,2.45
airai,pw,-8.93,125.41,301.15,45,12,3.18
kavieng,pg,-2.57,150.8,301.7,78,5,6.03
wukari,ng,7.85,9.78,294.27,16,37,2.28
zaraza,ve,9.35,-65.32,297.26,79,24,4.51
santa cruz,cr,-17.8,-63.17,301.15,74,32,2.6
dhidhdhoo,mv,6.88,73.1,301.72,77,0,6.36
sinnamary,gf,5.38,-52.95,300.09,81,19,8.24
sabang,id,5.89,95.32,302.02,75,0,6.96
ca mau,vn,9.18,105.15,306.78,43,0,4.58
kapaa,us,22.08,-159.32,296.82,60,90,4.1
puerto escondido,mx,15.85,-97.07,300.15,88,40,1.5
el vigia,ve,8.62,-71.65,292.95,86,32,0.24
saint-georges,gf,12.06,-61.75,299.15,78,20,4.1
kavaratti,in,10.57,72.64,300.19,81,28,6.99
jalingo,ng,8.88,11.37,294.38,15,1,3.08
nikki,bj,9.94,3.21,296.56,59,13,0.88
kindia,gn,10.06,-12.87,291.91,85,0,0.95
pedraza,co,10.19,-74.92,296.63,77,5,2.94
navrongo,gh,10.9,-1.09,301.47,27,18,3.81
cartagena,co,10.4,-75.51,299.15,78,20,6.2
acarau,br,-2.89,-40.12,296.46,98,100,1.54
tagusao,ph,9.19,117.81,302.02,62,64,3.43
tecoanapa,mx,16.52,-98.75,296.6,85,0,0.59
santa catalina,co,9.33,122.86,303.15,62,20,5.1
la asuncion,ve,11.03,-63.86,299.15,83,2,7.2
dutse,ng,11.76,9.34,289.84,27,0,3.6
ocos,gt,14.51,-92.19,301.15,78,75,1.95
malumfashi,ng,11.79,7.62,290.59,22,0,5.04
bokoro,td,12.38,17.06,290.31,24,28,4.97
gashua,ng,12.87,11.05,290.71,25,54,4.33
riohacha,co,11.54,-72.91,297.79,83,1,5.96
aden,ye,12.78,45.04,295.67,72,48,5.1
tuy hoa,vn,13.08,109.3,298.63,79,70,0.53
santa marta,co,11.24,-74.2,301.38,54,14,4.6
rincon,an,32.3,-81.24,293,83,75,1.59
malpe,in,13.35,74.72,297.15,83,20,2.1
diffa,ne,13.32,12.61,289.97,50,0,4.27
mao,td,39.89,4.27,285.15,76,20,4.1
kanchanaburi,th,14.63,99.1,307.09,29,0,0.45
praia,cv,14.92,-23.51,297.15,31,81,5.7
guerrero negro,mx,27.98,-114.06,290.19,71,1,4.5
nara,ml,34.69,135.8,282.17,93,75,1.5
manzanillo,mx,20.34,-77.12,296.16,77,1,2.63
ponta do sol,cv,32.67,-17.1,288.37,59,75,5.7
mormugao,in,15.4,73.8,298.74,44,0,0.47
nioro,ml,13.35,-15.75,297.02,13,0,3.27
wanning,cn,18.8,110.4,298.94,80,79,2.04
salalah,om,17.02,54.09,295.15,64,23,2.1
da nang,vn,16.07,108.22,300.15,78,75,2.6
ribeira brava,cv,32.65,-17.07,288.38,59,75,5.7
gigmoto,ph,13.78,124.39,300.26,74,16,4.31
srivardhan,in,18.03,73.02,295.42,40,0,4.69
dudhani,in,17.37,76.37,300.25,30,73,4.89
dong hoi,vn,17.48,106.6,297.55,87,100,2.23
marawi,sd,8,124.29,300.37,77,91,2.68
araouane,ml,18.9,-3.53,295.8,12,0,2.54
las choapas,mx,17.93,-94.08,299.15,74,40,5.1
puri,in,19.8,85.85,297.15,100,20,2.45
road town,vg,18.42,-64.62,297.65,83,1,1.5
lingao,cn,19.91,109.69,295.42,89,77,6.25
codrington,ag,-38.27,141.97,286.89,67,80,7.69
najran,sa,17.49,44.13,292.15,29,97,4.28
pyay,mm,18.82,95.22,308,26,30,0.27
itoman,jp,26.12,127.67,290.82,82,75,13.4
constitucion,mx,-35.33,-72.42,287.16,81,28,3.11
bathsheba,bb,13.22,-59.52,298.15,78,40,8.7
faya,td,18.39,42.45,286.64,87,100,3.1
thayetmyo,mm,19.32,95.18,309.79,22,0,0.63
chiang rai,th,19.91,99.83,295.19,77,64,0.85
arlit,ne,18.74,7.39,289.73,18,0,2.56
campeche,mx,19,-90.5,299.16,51,0,2.23
katsuura,jp,35.13,140.3,279.94,87,75,9.8
the valley,ai,18.22,-63.06,298.96,78,40,2.1
riyadh,sa,24.69,46.72,297.15,23,75,3.1
diu,in,20.71,70.98,296.66,43,0,9.3
cueto,cu,20.64,-75.94,297.15,78,0,4.1
atar,mr,20.52,-13.05,293.27,12,0,3.47
baracoa,cu,20.35,-74.5,298.25,81,17,5.85
kahului,us,20.89,-156.47,295.15,73,90,3.6
san juan,us,-31.54,-68.54,304.05,29,11,4.52
nouadhibou,mr,20.93,-17.03,293.15,64,0,3.1
cuauhtemoc,mx,28.42,-106.87,285.37,57,100,4.47
sur,om,22.57,59.53,292.27,27,100,0.94
celestun,mx,20.87,-90.4,298.08,81,0,11.82
hasaki,jp,35.73,140.83,277.82,93,75,7.7
lompoc,us,34.64,-120.46,285.84,71,90,3.6
mazatlan,mx,23.22,-106.42,297.57,65,20,2.6
abu dhabi,ae,24.47,54.37,293.99,40,100,2.1
tessalit,ml,20.2,1.01,293.75,16,0,5.29
dahod,in,22.83,74.27,292.39,22,0,5.05
progreso,mx,21.28,-89.67,300.26,65,5,5.1
serchhip,in,23.3,92.83,293.15,77,40,1.5
andros town,bs,24.7,-77.77,296.85,78,40,3.6
marzuq,ly,14.4,46.47,287.73,22,48,2.18
xiamen,cn,24.48,118.08,289.15,87,90,5
hirara,jp,24.8,125.28,293.15,77,75,6.7
rock sound,bs,24.9,-76.2,296.34,85,0,5.69
matamoros,mx,25.53,-103.25,302.98,14,40,2.1
umm bab,qa,25.21,50.81,295.76,60,75,4.6
englewood,us,39.65,-104.99,272.72,73,40,8.7
tahta,eg,26.77,31.5,289.16,45,75,6.2
shingu,jp,33.73,135.98,281.15,93,75,4.6
adrar,dz,20.5,-10.07,290.88,13,0,2.1
los llanos de aridane,es,28.66,-17.92,289.87,72,75,5.7
ribeira grande,pt,38.52,-28.7,286.56,78,64,2.04
kailua,us,21.4,-157.74,296.38,73,90,3.6
khonsa,in,27.02,95.57,296.14,53,85,1.02
jinxiang,cn,22.86,115.7,293.71,70,32,1.34
naze,jp,28.37,129.48,290.65,77,75,6.7
zhicheng,cn,30.3,111.5,289.82,47,86,1.52
pacific grove,us,36.62,-121.92,285.17,71,75,6.2
saurikh,in,27.03,79.49,292.3,77,0,3.35
saint george,bm,37.1,-113.58,281.18,93,90,1.23
pihani,in,27.63,80.2,292.46,70,0,3.46
cockburn town,bs,21.46,-71.14,298.09,80,15,8.94
kathmandu,np,27.72,85.32,285.15,93,75,1.5
tiznit,ma,29.58,-9.5,286.57,40,100,0.59
doha,kw,25.29,51.53,295.74,64,100,4.1
gasa,bt,31.5,34.47,287.47,87,40,4.6
providencia,mx,28.72,-111.58,290.25,78,0,0.46
cape canaveral,us,28.41,-80.6,294.61,88,1,2.6
jijiang,cn,29.29,106.25,287.66,71,40,2
ahuimanu,us,21.44,-157.84,296.38,73,90,3.6
bam,ir,29.11,58.36,288.7,16,33,0.13
destin,us,30.39,-86.5,292.82,88,1,1.5
tezu,in,27.92,96.17,299.53,28,60,1.25
fengkou,cn,30.08,113.27,288.15,46,0,1.07
laplace,us,30.07,-90.48,294.39,83,1,3.1
hamilton,bm,39.18,-84.53,278.08,69,1,1.88
lynn haven,us,30.25,-85.65,292.72,94,1,2.6
mizdah,ly,31.45,12.98,284.55,40,96,0.89
zabol,ir,32.25,67.25,277.17,56,85,0.56
zhob,pk,31.34,69.45,282.42,59,2,0.9
baghdad,iq,33.34,44.4,289.15,67,90,7.7
sakakah,sa,29.97,40.21,288.15,58,75,7.2
praxedis guerrero,mx,31.37,-106.02,291.14,36,1,10.8
alexandria,eg,31.22,29.96,288.69,93,40,4.1
ushibuka,jp,32.19,130.02,284.57,71,0,13.16
severo-kurilsk,ru,50.68,156.12,267.81,91,82,13.64
fukue,jp,32.69,128.84,283.71,58,20,9.3
ankang,cn,32.68,109.02,288.73,35,0,1.47
fazalpur,pk,32.18,75.07,286.15,87,75,3.1
nikolskoye,ru,59.7,30.79,268.73,62,20,7
nador,ma,35.17,-2.93,284.2,76,20,1.5
tripoli,ly,32.88,13.19,291.33,58,75,3.7
starkville,us,33.45,-88.82,286.45,82,90,3.6
rosetta,eg,31.4,30.42,289.15,93,40,4.1
buckeye,us,33.37,-112.58,286.78,82,90,2.1
jieshou,cn,33.26,115.36,286.98,38,0,4.72
turayf,sa,31.67,38.66,283.15,100,75,5.1
snyder,us,32.72,-100.92,282.78,100,90,6.2
delijan,ir,33.99,50.68,284.63,36,100,2.22
rawah,iq,34.48,41.91,288.48,66,96,11.24
guozhen,cn,34.37,107.36,284.02,22,0,2.49
camacha,pt,33.08,-16.33,289.15,55,40,4.6
karpathos,gr,35.51,27.21,288.15,82,0,3.6
xining,cn,36.62,101.77,274.33,35,66,1.14
ada,us,43.42,-116.13,282.89,26,1,3.1
ponta delgada,pt,37.73,-25.67,285.15,87,20,3.1
leh,in,34.17,77.58,262.35,72,100,0.53
tongchuan,cn,35.08,109.09,283.14,13,0,2.79
washington,us,47.5,-120.5,272.98,100,90,3.6
kirkuk,iq,35.47,44.39,285.84,69,100,8.1
sinjar,iq,36.32,41.88,284.17,80,67,9.95
pacifica,us,37.61,-122.49,285.31,76,90,5.1
kamaishi,jp,39.27,141.88,278.15,52,75,1
yumen,cn,40.28,97.2,275.38,32,1,5.65
irbil,iq,36.19,44.01,288.15,62,75,8.2
taos,us,36.41,-105.57,273.8,95,90,2.1
shouguang,cn,36.88,118.74,287.04,24,0,1.34
francofonte,it,37.23,14.88,284.71,81,100,2.6
cascais,pt,38.7,-9.42,285.37,93,17,4.1
durango,us,24.83,-104.83,288.96,40,100,3.93
gonbad-e qabus,ir,37.25,55.17,281.15,93,100,1.86
chanute,us,37.68,-95.46,281.26,45,90,5.7
harrisonville,us,38.65,-94.35,279.07,60,90,3.6
praia da vitoria,pt,38.73,-27.07,287.15,82,20,1.86
timizart,dz,36.8,4.27,289.19,84,100,0.86
yinchuan,cn,38.47,106.27,277.63,18,0,1.23
dongsheng,cn,39.82,109.98,274.92,25,0,10.5
manisa,tr,38.83,28.17,281.11,80,0,2.22
torbay,ca,47.67,-52.73,268.8,73,90,3.1
black forest,us,39.01,-104.7,269.57,86,90,7.2
cagliari,it,39.24,9.09,284.58,100,100,5.1
montgomery,us,39.15,-77.2,287.32,19,1,3.1
ukiah,us,39.15,-123.21,282.37,58,1,4.1
glenwood springs,us,39.55,-107.32,276.22,86,75,5.7
wajima,jp,37.4,136.9,278.15,64,75,4.1
elko,us,41,-115.5,281.68,31,1,2.6
jinchang,cn,38.5,102.17,275.89,18,0,2.42
gladzor,am,39.78,45.35,283.15,87,90,2.1
vorukh,tj,39.85,70.58,279.62,39,78,0.75
pasinler,tr,39.98,41.68,276.15,93,75,2.6
turkan,az,40.36,50.22,284.15,87,100,7.2
gazojak,tm,41.19,61.4,282.5,43,0,3.77
palas,tj,-5.65,105.68,302.09,77,100,1.36
peniche,pt,39.36,-9.38,284.65,93,40,0.5
danville,us,36.59,-79.39,289.79,55,1,3.1
saint-pierre,pm,-21.34,55.48,296.87,94,75,7.7
kushiro,jp,42.98,144.37,273.15,46,20,7.2
khasan,ru,42.43,130.64,276.62,34,28,1.93
orbetello,it,42.44,11.22,282.4,81,75,1.5
gazanjyk,tm,39.24,55.52,285.12,54,89,3.76
preobrazheniye,ru,42.9,133.91,273.81,53,26,5.91
provideniya,ru,64.38,-173.3,270.98,97,100,7.85
nemuro,jp,43.32,145.57,274.15,43,20,3.1
xacmaz,az,41.46,48.81,283.1,78,100,3.73
north bend,us,43.41,-124.22,279.8,93,90,4.6
erenhot,cn,43.65,111.98,273.61,33,0,7.44
torrington,us,41.8,-73.12,280.13,52,1,6.7
kamenka,ru,51.32,42.77,277.28,72,100,0.45
dubuque,us,42.48,-90.87,275.64,69,1,3.1
yankton,us,42.87,-97.4,276.04,55,90,3.1
kodiak,us,57.79,-152.41,276.15,59,1,2.1
lagoa,pt,39.05,-27.98,288.73,71,40,3.12
auburn,us,47.31,-122.23,275.3,100,90,1.5
tongliao,cn,43.61,122.27,277.43,35,0,6.76
sioux falls,us,43.55,-96.7,274.32,56,75,3.1
uhlove,ua,44.82,33.6,282.62,85,33,1.3
lander,us,42.83,-108.73,270.26,92,90,2.1
zhangjiakou,cn,40.81,114.88,273.57,32,0,10.43
muros,es,42.78,-9.06,280.09,93,33,2.1
zhengjiatun,cn,43.51,123.51,276.81,37,0,5.75
kentau,kz,43.52,68.51,280.77,59,0,3.37
middlebury,us,44.02,-73.17,275.94,51,1,5.1
haverhill,us,42.78,-71.08,280.53,45,1,5.1
shihezi,cn,44.3,86.03,276.82,44,30,2.31
pula,hr,44.87,13.85,284.27,50,90,7.2
huntingdon,ca,52.33,-0.19,278.57,93,75,4.6
port hawkesbury,ca,45.62,-61.35,273.79,95,90,10.3
zaozerne,ua,45.16,33.28,282.62,85,33,1.3
yining,cn,29.04,114.56,289.31,46,0,1.76
gijon,es,43.54,-5.66,282.09,93,75,2.1
beceni,ro,45.38,26.78,280.63,71,60,5.26
borgomanero,it,45.7,8.46,284.26,100,75,2.6
altay,cn,47.87,88.12,269.1,54,0,1.5
astoria,us,46.19,-123.83,277.29,80,75,3.1
sarkand,kz,45.41,79.92,275.57,58,0,2.28
mandan,us,46.83,-100.89,267.23,67,1,3.6
slovenska bistrica,si,46.39,15.57,277.21,93,99,2.1
korsakov,ru,46.63,142.78,271.15,74,40,4
plouzane,fr,48.38,-4.62,282.46,87,75,5.1
moses lake,us,47.13,-119.28,274.37,86,90,8.2
malartic,ca,48.13,-78.13,270.21,86,90,8.2
skibbereen,ie,51.55,-9.27,279.15,100,75,3.6
atikokan,ca,48.76,-91.62,263.09,87,78,3.99
traunstein,de,47.88,12.65,274.43,86,75,3.1
opportunity,us,47.65,-117.24,269.06,79,90,11.3
lake cowichan,ca,48.83,-124.05,277.31,48,75,6.7
morlaix,fr,48.58,-4,282.34,87,75,6.2
bulgan,mn,48.81,103.53,270.53,73,0,2.42
ulaanbaatar,mn,47.91,106.88,266.15,73,0,5
sitka,us,57.05,-135.33,274.74,51,75,9.3
chapais,ca,49.78,-74.85,272.15,92,90,9.3
ulaangom,mn,49.98,92.07,258.48,85,100,0.84
manitouwadge,ca,49.12,-85.84,265.69,90,100,4.43
suhbaatar,mn,50.23,106.21,268.54,80,68,2.83
normandin,ca,48.83,-72.53,275.49,80,75,9.3
falmouth,gb,50.15,-5.07,281.38,100,98,5.1
petropavlovsk-kamchatskiy,ru,53.05,158.65,274.15,74,40,5
starychi,ua,49.98,23.56,276.86,64,75,6
aktash,ru,50.3,87.73,266.71,67,14,2.96
ozernovskiy,ru,51.5,156.52,269.85,86,69,13.21
montabaur,de,50.43,7.83,275.42,86,84,0.5
chingirlau,kz,51.09,54.08,277.88,84,100,4.21
prince rupert,ca,54.32,-130.32,273.15,44,1,5.7
kapuskasing,ca,49.42,-82.43,268.15,92,90,9.8
ostrogozhsk,ru,50.87,39.08,277.25,83,100,3.03
saint-augustin,ca,51.23,-58.65,264.94,85,100,9.54
lillooet,ca,50.69,-121.94,264.27,41,100,6.2
bethel,us,41.37,-73.41,282.42,25,1,4.1
rosetown,ca,51.55,-108,258.42,66,100,5.81
havre-saint-pierre,ca,50.23,-63.6,264.15,92,90,10.8
beringovskiy,ru,63.05,179.32,267.33,91,100,6.41
mogzon,ru,51.74,111.96,268.85,79,100,6.8
katangli,ru,51.71,143.23,267.25,80,86,2.5
svobodnyy,ru,51.4,128.13,263.47,90,100,3.87
bestobe,kz,52.5,73.1,267.76,78,81,9.52
bogorodskoye,ru,56.55,37.88,274.16,88,94,3.59
kaa-khem,ru,51.68,94.73,261.5,86,50,0.78
vestmannaeyjar,is,63.44,-20.27,269.62,77,4,8.16
strausberg,de,52.58,13.89,273.28,86,0,3.1
saint anthony,ca,45.02,-93.22,270.71,58,1,3.1
mrakovo,ru,52.72,56.62,274.04,94,100,3.9
stepnyak,kz,52.83,70.78,272.04,88,99,9.21
port-cartier,ca,50.03,-66.87,267.4,92,90,10.8
den helder,nl,52.96,4.76,276.57,79,90,2.6
drayton valley,ca,53.22,-114.99,252.51,98,100,2.47
navahrudak,by,53.6,25.83,275.63,80,100,8.79
novyy buyan,ru,53.69,50.05,275.15,69,99,5
sura,ru,53.89,45.74,273.53,86,74,4.53
kachiry,kz,53.07,76.1,265.07,82,20,5.29
nipawin,ca,53.37,-104,253.15,70,1,2.6
guryevsk,ru,54.28,85.93,271.38,83,100,3.71
barrhead,ca,55.8,-4.39,276.71,86,75,3.1
saint paul,ca,44.94,-93.09,270.86,58,1,3.1
alekseyevka,ru,50.63,38.69,276.91,88,100,2.88
kalachinsk,ru,55.05,74.58,268.95,87,98,6.44
okha,ru,53.57,142.95,259.55,76,0,6.27
sioux lookout,ca,50.1,-91.92,262.7,72,90,4.6
menzelinsk,ru,55.73,53.1,275.15,74,75,10
yashkino,ru,55.87,85.43,270.15,53,100,5
vengerovo,ru,55.68,76.75,265.99,84,67,6.17
kazachinskoye,ru,57.7,93.28,271.97,91,99,2.85
chumikan,ru,54.72,135.31,263.29,72,100,3.63
ola,ru,59.58,151.28,262.18,58,100,11.75
bratsk,ru,56.13,101.61,272.1,100,91,1
scarborough,gb,54.28,-0.4,278.14,93,75,3.1
slave lake,ca,55.28,-114.77,252.15,63,1,1
egvekinot,ru,66.32,-179.17,260.95,76,100,3.22
taksimo,ru,56.34,114.88,261.76,69,0,0.72
smithers,ca,54.78,-127.17,266.15,26,5,4.1
okhotsk,ru,59.38,143.3,260.11,83,100,7.15
klyuchi,ru,52.27,79.17,265.59,91,0,4.38
boddam,gb,57.47,-1.78,277.28,79,75,8.7
shalya,ru,57.25,58.73,273.15,95,100,6.8
kodinsk,ru,58.69,99.18,273.24,92,90,3.43
visnes,no,59.36,5.22,273.37,59,89,3.1
tasiilaq,gl,65.61,-37.64,259.15,71,100,0.73
tigil,ru,57.8,158.67,271.5,71,100,7.59
tevriz,ru,57.51,72.4,275.04,94,100,4.58
ayan,ru,56.45,138.17,260.87,65,0,1.13
thompson,ca,55.74,-97.86,256.15,45,75,4.6
azanka,ru,58.04,64.79,276.03,87,100,5.86
egersund,no,58.45,6,271.39,74,0,2.1
ballina,ie,-28.87,153.57,298.47,47,80,8.7
belyy yar,ru,53.6,91.39,270.15,79,89,2
haines junction,ca,60.75,-137.51,258.41,74,49,0.74
batetskiy,ru,58.65,30.3,271.32,66,100,3.78
medvedka,ru,61.16,46.39,272.79,89,98,5.07
kedrovyy,ru,56.17,91.82,273.15,95,95,2.7
pangnirtung,ca,66.15,-65.71,239.24,100,100,0.65
palana,ru,59.12,159.97,270.15,75,100,7.65
vanavara,ru,60.34,102.28,270.82,95,100,2.56
nanortalik,gl,60.14,-45.24,268.3,71,100,5.61
hanko,fi,59.83,22.95,270.09,92,100,0.89
solikamsk,ru,59.62,56.77,273.3,97,100,6.23
kerchevskiy,ru,59.95,56.29,273.44,97,100,6.3
iqaluit,ca,63.75,-68.51,242.36,67,5,7.2
grindavik,is,63.84,-22.43,270.73,79,75,6.7
pinyug,ru,60.25,47.78,272.64,90,100,5.45
hamina,fi,60.57,27.2,266.15,67,0,2.6
whitehorse,ca,60.72,-135.05,265.57,34,75,3.1
nome,us,64.5,-165.41,269.96,86,90,5.1
aras,no,42.56,-2.36,274.61,86,0,3.1
vytegra,ru,61.01,36.45,268.04,76,100,6.13
severo-yeniseyskiy,ru,60.37,93.04,270.98,88,95,4.74
ardalstangen,no,61.24,7.7,255.82,95,90,2.88
falun,se,60.6,15.63,267.55,62,0,3.1
nyagan,ru,62.14,65.39,274.59,96,100,5.5
la ronge,ca,55.1,-105.28,253.15,64,20,1.5
olafsvik,is,64.89,-23.71,270.59,75,100,12.71
pudozh,ru,61.81,36.53,266.49,78,100,5.55
pryazha,ru,61.69,33.62,267.15,62,67,8
spornoye,ru,50.84,37.29,275.15,93,40,3
hay river,ca,60.82,-115.8,249.15,57,20,2.1
laukaa,fi,58.74,29.85,271.09,66,100,3.88
bereznik,ru,62.86,42.71,270.33,90,100,6.02
brae,gb,60.4,-1.35,277.59,64,100,6.2
omsukchan,ru,62.53,155.8,248.81,90,67,3.41
noyabrsk,ru,63.2,75.45,273.87,95,100,10.92
verkhnevilyuysk,ru,63.45,120.32,250.09,93,59,3.07
roald,no,62.58,6.13,269.69,60,20,5.7
kenai,us,60.55,-151.26,270.31,41,1,3.6
maniitsoq,gl,65.42,-52.9,260.38,90,100,3.73
dzhebariki-khaya,ru,62.22,135.8,249.24,89,28,1.21
hvolsvollur,is,63.75,-20.22,269,80,0,7.09
shirokiy,ru,49.76,129.52,265.74,88,98,2.59
tura,ru,25.52,90.22,301.31,39,100,1.83
paamiut,gl,61.99,-49.67,257.53,64,8,4.55
kholmogory,ru,64.22,41.66,271.15,92,90,1
aykhal,ru,66,111.5,249.15,76,0,3
khandyga,ru,62.67,135.6,249.75,83,0,1.49
dukat,ru,62.55,155.55,249.46,84,50,2.59
zyryanka,ru,65.75,150.85,251.98,71,100,1.56
pangody,ru,65.85,74.49,273.31,97,100,8.53
ust-tsilma,ru,65.44,52.15,270.1,97,100,1.62
leshukonskoye,ru,64.9,45.76,269.08,95,99,2.39
krasnoselkup,ru,65.7,82.47,274.11,89,100,8.91
klaksvik,fo,62.23,-6.59,276.15,93,100,4.1
barrow,us,71.29,-156.79,269.15,85,90,15.9
izhma,ru,65.01,53.91,267.96,97,62,1.61
hofn,is,64.25,-15.21,274.09,63,6,6.6
sandnessjoen,no,66.02,12.63,270.03,86,88,2.6
koslan,ru,63.46,48.9,270.51,94,99,3.17
inta,ru,66.03,60.17,271.19,97,100,1.9
rovaniemi,fi,66.5,25.72,261.15,72,100,5.1
norman wells,ca,65.28,-126.83,260.15,78,75,1.5
belaya gora,ru,68.53,146.42,245.67,87,7,2.11
lavrentiya,ru,65.58,-171,272.02,95,100,9.14
kautokeino,no,69.01,23.04,255.87,90,0,1.79
srednekolymsk,ru,67.45,153.68,247.81,90,55,5.4
college,us,64.86,-147.8,267.99,49,75,1.5
ostrovnoy,ru,68.05,39.51,267.26,90,100,10.19
clyde river,ca,70.47,-68.59,248.15,75,90,5.7
qasigiannguit,gl,68.82,-51.19,258.15,71,100,7.2
sorland,no,67.67,12.69,272.09,57,90,6.9
raudeberg,no,61.99,5.14,272.91,68,97,5.7
kangaatsiaq,gl,68.31,-53.46,258.41,93,100,8.65
bilibino,ru,68.05,166.44,248.11,90,100,6.55
aasiaat,gl,68.71,-52.87,256.01,95,100,3.5
deputatskiy,ru,69.3,139.9,247.33,76,0,0.73
fairbanks,us,64.84,-147.72,267.99,49,75,1.5
batagay-alyta,ru,67.8,130.41,248.77,72,0,2.33
cherskiy,ru,68.75,161.3,249.9,90,100,4.74
saskylakh,ru,71.92,114.08,246.54,90,33,8.58
sovetskiy,ru,61.36,63.58,273.94,88,100,4.72
yellowknife,ca,62.46,-114.35,247.35,62,5,3.1
ilulissat,gl,69.22,-51.1,258.15,71,100,7.2
chokurdakh,ru,70.63,147.92,246.71,96,100,4.12
talnakh,ru,69.49,88.4,273.15,95,90,10
skjervoy,no,70.03,20.97,269.6,59,100,8.69
aklavik,ca,68.22,-135.01,270.15,63,75,1.5
leningradskiy,ru,69.38,178.42,255.05,94,12,2.63
yar-sale,ru,66.83,70.83,273.03,98,100,6.49
stokmarknes,no,68.56,14.91,267.07,91,100,0.89
komsomolskiy,ru,40.43,71.72,279.15,70,90,3.1
honningsvag,no,70.98,25.97,267.05,71,100,7.71
tiksi,ru,71.69,128.87,246.56,82,0,2
vardo,no,70.37,31.11,267.77,75,100,11.93
dikson,ru,73.51,80.55,273.04,96,100,9.21
batsfjord,no,70.63,29.72,262.08,94,96,8.12
qaanaaq,gl,77.48,-69.36,243.32,56,1,2.62
havoysund,no,71,24.66,264.15,78,100,14.4
upernavik,gl,72.79,-56.15,249.07,97,100,1.74
tuktoyaktuk,ca,69.45,-133.04,267.15,85,90,13.4
khatanga,ru,71.97,102.5,257.12,84,100,7.61
longyearbyen,sj,78.22,15.64,252.15,63,40,9.3
mehamn,no,71.04,27.85,264.04,81,100,7.81
pevek,ru,69.7,170.31,253.18,93,100,3.62
berlevag,no,70.86,29.09,266.96,74,100,11.58
